EMA_Fast,SMA_Slow,SL_ATR_Mult,RR,PF_IS,PF_OOS,WF_ratio,DD_IS%,DD_OOS%,NetReturn_IS%,NetReturn_OOS%,Trades_IS,Trades_OOS,pasa_WF,pasa_DD,pasa_trades,pasa_OOS_pos,pasa_DD_real,VALIDADO
3,21,0.5,1.5,0.976,0.972,0.996,74.5,42.4,-54.9,-15.8,4419,1637,True,True,True,False,False,False
3,21,0.5,2.0,1.127,1.145,1.016,22.8,17.0,358.7,97.3,4404,1632,True,True,True,True,False,False
3,21,0.5,3.0,1.305,1.348,1.033,11.8,12.2,958.1,269.5,4385,1624,True,True,True,True,True,True
3,21,1.0,1.5,1.015,0.945,0.931,57.1,55.5,37.0,-27.1,4143,1552,True,True,True,False,False,False
3,21,1.0,2.0,1.137,1.084,0.953,35.8,31.6,463.4,50.3,4113,1544,True,True,True,True,False,False
3,21,1.0,3.0,1.295,1.216,0.939,16.6,20.1,1177.5,149.6,4093,1540,True,True,True,True,False,False
3,21,1.5,1.5,1.152,0.938,0.814,26.0,37.4,403.1,-25.1,3755,1435,False,True,True,False,False,False
3,21,1.5,2.0,1.257,1.044,0.831,14.7,28.7,858.9,20.3,3734,1429,False,True,True,True,False,False
3,21,1.5,3.0,1.339,1.116,0.833,12.7,25.4,1319.6,57.3,3721,1427,False,True,True,True,False,False
3,34,0.5,1.5,0.999,0.917,0.918,77.4,33.1,-0.8,-31.6,3284,1200,True,True,True,False,False,False
3,34,0.5,2.0,1.146,1.079,0.942,21.6,22.1,302.0,36.7,3269,1198,True,True,True,True,False,False
3,34,0.5,3.0,1.347,1.328,0.986,10.0,8.7,789.0,181.1,3252,1197,True,True,True,True,True,True
3,34,1.0,1.5,1.037,0.914,0.881,58.4,32.6,62.1,-30.7,3128,1157,True,True,True,False,False,False
3,34,1.0,2.0,1.178,1.028,0.873,24.4,26.7,412.0,11.2,3116,1149,True,True,True,True,False,False
3,34,1.0,3.0,1.309,1.165,0.89,14.3,22.2,893.4,75.5,3108,1146,True,True,True,True,False,False
3,34,1.5,1.5,1.1,0.947,0.861,32.3,25.9,146.1,-15.8,2910,1071,True,True,True,False,False,False
3,34,1.5,2.0,1.21,1.01,0.835,20.7,22.7,427.5,3.3,2902,1068,False,True,True,True,False,False
3,34,1.5,3.0,1.276,1.098,0.861,22.6,19.6,677.7,32.9,2895,1066,True,True,True,True,False,False
3,55,0.5,1.5,1.045,1.04,0.995,30.3,14.5,55.2,13.0,2442,914,True,True,True,True,True,True
3,55,0.5,2.0,1.176,1.207,1.026,14.8,10.2,270.2,76.1,2436,911,True,True,True,True,True,True
3,55,0.5,3.0,1.348,1.45,1.076,9.0,9.2,595.4,187.5,2425,908,True,True,True,True,True,True
3,55,1.0,1.5,1.008,1.014,1.006,46.7,19.3,10.5,4.2,2358,884,True,True,True,True,False,False
3,55,1.0,2.0,1.085,1.087,1.002,27.3,19.4,134.9,27.7,2349,881,True,True,True,True,False,False
3,55,1.0,3.0,1.163,1.154,0.992,26.0,16.0,314.6,51.7,2339,879,True,True,True,True,False,False
3,55,1.5,1.5,1.044,0.983,0.942,34.9,16.5,44.7,-4.1,2203,836,True,True,True,False,False,False
3,55,1.5,2.0,1.103,1.02,0.925,33.6,15.8,124.9,4.8,2194,834,True,True,True,True,False,False
3,55,1.5,3.0,1.144,1.132,0.99,26.4,12.9,203.2,35.4,2190,833,True,True,True,True,True,True
5,21,0.5,1.5,0.963,0.901,0.936,71.4,48.1,-64.5,-44.2,3777,1370,True,True,True,False,False,False
5,21,0.5,2.0,1.121,1.082,0.965,27.3,19.6,275.8,44.9,3766,1365,True,True,True,True,False,False
5,21,0.5,3.0,1.332,1.307,0.981,13.5,14.9,865.2,199.8,3748,1359,True,True,True,True,True,True
5,21,1.0,1.5,1.001,0.893,0.892,58.4,50.8,1.7,-42.8,3604,1320,True,True,True,False,False,False
5,21,1.0,2.0,1.115,1.015,0.91,29.7,34.6,308.2,6.7,3585,1312,True,True,True,True,False,False
5,21,1.0,3.0,1.216,1.129,0.928,28.0,28.3,663.8,65.2,3568,1306,True,True,True,True,False,False
5,21,1.5,1.5,1.105,0.915,0.828,35.4,34.4,219.0,-29.1,3351,1231,False,True,True,False,False,False
5,21,1.5,2.0,1.167,0.98,0.84,30.7,25.4,421.8,-7.3,3337,1228,False,True,True,False,False,False
5,21,1.5,3.0,1.23,1.063,0.864,16.2,24.9,690.5,24.2,3329,1226,True,True,True,True,False,False
5,34,0.5,1.5,1.0,0.941,0.941,49.1,24.6,-0.5,-18.8,2705,987,True,True,True,False,False,False
5,34,0.5,2.0,1.115,1.089,0.977,16.3,14.7,188.8,34.2,2698,983,True,True,True,True,True,True
5,34,0.5,3.0,1.287,1.294,1.005,7.8,9.4,534.1,134.8,2690,982,True,True,True,True,True,True
5,34,1.0,1.5,0.973,0.952,0.978,59.3,23.4,-30.5,-14.9,2613,957,True,True,True,False,False,False
5,34,1.0,2.0,1.118,1.054,0.943,18.5,16.6,190.3,19.2,2606,954,True,True,True,True,False,False
5,34,1.0,3.0,1.235,1.159,0.938,13.9,14.4,522.1,60.9,2596,951,True,True,True,True,True,True
5,34,1.5,1.5,1.071,0.876,0.818,29.9,34.6,81.7,-31.2,2487,919,False,True,True,False,False,False
5,34,1.5,2.0,1.156,0.917,0.793,19.7,27.4,236.9,-21.5,2482,916,False,True,True,False,False,False
5,34,1.5,3.0,1.193,0.966,0.81,19.2,19.4,347.0,-9.1,2477,916,False,True,True,False,False,False
5,55,0.5,1.5,0.903,0.973,1.078,80.2,19.7,-73.8,-6.6,1964,739,True,True,True,False,False,False
5,55,0.5,2.0,1.055,1.133,1.074,25.9,15.1,60.0,37.5,1961,738,True,True,True,True,False,False
5,55,0.5,3.0,1.21,1.356,1.121,13.7,13.4,281.3,115.2,1958,736,True,True,True,True,True,True
5,55,1.0,1.5,0.9,0.961,1.068,76.5,18.8,-72.6,-9.1,1933,717,True,True,True,False,False,False
5,55,1.0,2.0,0.981,1.017,1.037,44.1,15.7,-17.3,4.4,1927,717,True,True,True,True,False,False
5,55,1.0,3.0,1.042,1.066,1.023,29.8,13.4,43.5,17.1,1924,716,True,True,True,True,True,True
5,55,1.5,1.5,0.84,0.931,1.108,89.6,17.5,-88.7,-13.3,1857,689,True,True,True,False,False,False
5,55,1.5,2.0,0.885,0.95,1.073,70.9,14.2,-69.0,-9.9,1853,689,True,True,True,False,True,False
5,55,1.5,3.0,0.946,1.033,1.092,54.9,10.8,-36.8,6.9,1851,687,True,True,True,True,True,True
8,21,0.5,1.5,0.969,0.79,0.815,71.4,76.7,-47.4,-73.9,3343,1199,False,True,True,False,False,False
8,21,0.5,2.0,1.128,0.97,0.86,33.0,29.7,255.1,-13.3,3336,1193,True,True,True,False,False,False
8,21,0.5,3.0,1.297,1.169,0.901,13.3,20.4,679.3,90.5,3328,1188,True,True,True,True,False,False
8,21,1.0,1.5,0.959,0.859,0.896,75.8,50.4,-58.3,-47.7,3229,1157,True,True,True,False,False,False
8,21,1.0,2.0,1.056,1.002,0.949,40.1,26.0,111.7,0.8,3211,1154,True,True,True,True,False,False
8,21,1.0,3.0,1.165,1.114,0.956,25.1,25.2,440.6,49.5,3200,1153,True,True,True,True,False,False
8,21,1.5,1.5,0.979,0.893,0.912,44.2,38.5,-27.6,-33.4,3053,1116,True,True,True,False,False,False
8,21,1.5,2.0,1.051,0.939,0.893,36.4,30.0,86.1,-19.8,3045,1114,True,True,True,False,False,False
8,21,1.5,3.0,1.109,1.003,0.904,24.8,18.9,235.1,1.0,3037,1111,True,True,True,True,False,False
8,34,0.5,1.5,0.97,0.931,0.96,43.5,25.6,-29.1,-19.5,2291,836,True,True,True,False,False,False
8,34,0.5,2.0,1.109,1.084,0.977,18.9,15.4,141.0,27.2,2290,832,True,True,True,True,False,False
8,34,0.5,3.0,1.235,1.275,1.032,10.8,15.7,359.2,102.2,2287,831,True,True,True,True,False,False
8,34,1.0,1.5,0.923,0.933,1.011,69.7,23.9,-64.4,-17.6,2256,818,True,True,True,False,False,False
8,34,1.0,2.0,1.039,0.994,0.957,35.2,18.1,44.1,-1.8,2252,817,True,True,True,False,False,False
8,34,1.0,3.0,1.151,1.032,0.897,24.3,16.5,238.5,9.3,2243,814,True,True,True,True,False,False
8,34,1.5,1.5,0.991,0.864,0.872,48.5,32.3,-7.8,-29.4,2173,798,True,True,True,False,False,False
8,34,1.5,2.0,1.057,0.87,0.823,40.4,32.1,59.3,-28.1,2167,795,False,True,True,False,False,False
8,34,1.5,3.0,1.097,0.914,0.833,32.4,25.3,114.5,-19.2,2164,795,False,True,True,False,False,False
8,55,0.5,1.5,0.884,1.115,1.261,76.0,12.4,-72.3,26.1,1637,617,True,True,True,True,True,True
8,55,0.5,2.0,1.05,1.231,1.172,28.8,9.7,43.5,58.8,1637,616,True,True,True,True,True,True
8,55,0.5,3.0,1.254,1.326,1.057,14.4,8.5,280.4,93.5,1632,616,True,True,True,True,True,True
8,55,1.0,1.5,0.865,0.92,1.064,77.9,26.0,-76.7,-16.1,1617,608,True,True,True,False,False,False
8,55,1.0,2.0,0.953,0.999,1.048,47.0,19.1,-32.2,-0.1,1616,608,True,True,True,False,False,False
8,55,1.0,3.0,1.024,1.042,1.018,38.2,16.1,18.8,9.3,1614,607,True,True,True,True,False,False
8,55,1.5,1.5,0.866,0.963,1.112,67.9,20.0,-66.1,-6.3,1568,592,True,True,True,False,False,False
8,55,1.5,2.0,0.91,0.997,1.096,56.3,17.5,-47.5,-0.6,1565,592,True,True,True,False,False,False
8,55,1.5,3.0,0.965,1.069,1.108,46.2,15.0,-20.9,12.6,1564,591,True,True,True,True,True,True
